JobId, startTime, endTime, duration, queueName
0,0.0,2.8,2.8,interactive0
1,10.0,12.8,2.8000000000000007,interactive0
2,20.0,22.8,2.8000000000000007,interactive0
10,0.0,25.4,25.4,batch0
20,1.0,25.4,24.4,batch1
30,2.0,25.4,23.4,batch2
40,3.0,25.6,22.6,batch3
3,30.0,32.8,2.799999999999997,interactive0
4,40.0,42.8,2.799999999999997,interactive0
11,1.0,47.8,46.8,batch0
21,2.0,47.8,45.8,batch1
31,3.0,47.8,44.8,batch2
41,4.0,48.2,44.2,batch3
5,50.0,52.8,2.799999999999997,interactive0
6,60.0,62.8,2.799999999999997,interactive0
7,70.0,72.8,2.799999999999997,interactive0
12,2.0,73.2,71.2,batch0
22,3.0,73.2,70.2,batch1
32,4.0,73.2,69.2,batch2
42,5.0,73.4,68.4,batch3
8,80.0,82.8,2.799999999999997,interactive0
9,90.0,92.8,2.799999999999997,interactive0
13,3.0,95.6,92.6,batch0
23,4.0,95.6,91.6,batch1
33,5.0,95.6,90.6,batch2
43,6.0,96.0,90.0,batch3
14,4.0,112.6,108.6,batch0
24,5.0,112.6,107.6,batch1
34,6.0,112.6,106.6,batch2
44,7.0,112.8,105.8,batch3
15,5.0,129.6,124.6,batch0
25,6.0,129.6,123.6,batch1
35,7.0,129.6,122.6,batch2
45,8.0,129.8,121.80000000000001,batch3
16,6.0,146.4,140.4,batch0
26,7.0,146.4,139.4,batch1
36,8.0,146.4,138.4,batch2
46,9.0,146.8,137.8,batch3
17,7.0,163.4,156.4,batch0
27,8.0,163.4,155.4,batch1
37,9.0,163.4,154.4,batch2
47,10.0,163.6,153.6,batch3
18,8.0,180.2,172.2,batch0
28,9.0,180.2,171.2,batch1
38,10.0,180.2,170.2,batch2
48,11.0,180.6,169.6,batch3
19,9.0,197.2,188.2,batch0
29,10.0,197.2,187.2,batch1
39,11.0,197.2,186.2,batch2
49,12.0,197.4,185.4,batch3
