JobId, startTime, endTime, duration, queueName
0,0.0,2.4,2.4,interactive0
10,0.0,6.2,6.2,batch0
11,1.0,11.4,10.4,batch0
1,10.0,12.4,2.4000000000000004,interactive0
12,2.0,16.4,14.399999999999999,batch0
2,20.0,22.4,2.3999999999999986,interactive0
13,3.0,22.6,19.6,batch0
14,4.0,26.8,22.8,batch0
3,30.0,32.0,2.0,interactive0
4,40.0,42.0,2.0,interactive0
5,50.0,52.0,2.0,interactive0
6,60.0,62.0,2.0,interactive0
7,70.0,72.0,2.0,interactive0
8,80.0,82.0,2.0,interactive0
9,90.0,92.0,2.0,interactive0
